HOLDER,USER,NAME,TITLE,EXPNO,SOLVENT,EXPERIMENT,PARAMETERS,DISK
101,nmrsu,pediatricBurns_2020_IVDR04_NMR-PLA-3MM_PLA_PBUp01_080121,pediatricBurns_NMR128-PLA-3MM_IVDR04_PLA_PBU00001_10HOL_R1C1,10,Plasma,PROF_PLASMA_NOESY128_3mm,"usera2,PBU00001_10HOL",D:\IVDrData\data
101,nmrsu,pediatricBurns_2020_IVDR04_NMR-PLA-3MM_PLA_PBUp01_080121,pediatricBurns_NMR128-PLA-3MM_IVDR04_PLA_PBU00001_10HOL_R1C1,11,Plasma,PROF_PLASMA_CPMG128_3mm,"usera2,PBU00001_10HOL",D:\IVDrData\data
101,nmrsu,pediatricBurns_2020_IVDR04_NMR-PLA-3MM_PLA_PBUp01_080121,pediatricBurns_NMR128-PLA-3MM_IVDR04_PLA_PBU00001_10HOL_R1C1,12,Plasma,PROF_PLASMA_JRES8_3mm,"usera2,PBU00001_10HOL",D:\IVDrData\data
101,nmrsu,pediatricBurns_2020_IVDR04_NMR-PLA-3MM_PLA_PBUp01_080121,pediatricBurns_NMR128-PLA-3MM_IVDR04_PLA_PBU00001_10HOL_R1C1,13,Plasma,PROF_PLASMA_DAS_A,"usera2,PBU00001_10HOL",D:\IVDrData\data
102,nmrsu,pediatricBurns_2020_IVDR04_NMR-PLA-3MM_PLA_PBUp01_080121,pediatricBurns_NMR128-PLA-3MM_IVDR04_PLA_PBU00009_36SE_R1C2,20,Plasma,PROF_PLASMA_NOESY128_3mm,"usera2,PBU00009_36SE",D:\IVDrData\data
102,nmrsu,pediatricBurns_2020_IVDR04_NMR-PLA-3MM_PLA_PBUp01_080121,pediatricBurns_NMR128-PLA-3MM_IVDR04_PLA_PBU00009_36SE_R1C2,21,Plasma,PROF_PLASMA_CPMG128_3mm,"usera2,PBU00009_36SE",D:\IVDrData\data
102,nmrsu,pediatricBurns_2020_IVDR04_NMR-PLA-3MM_PLA_PBUp01_080121,pediatricBurns_NMR128-PLA-3MM_IVDR04_PLA_PBU00009_36SE_R1C2,22,Plasma,PROF_PLASMA_JRES8_3mm,"usera2,PBU00009_36SE",D:\IVDrData\data
102,nmrsu,pediatricBurns_2020_IVDR04_NMR-PLA-3MM_PLA_PBUp01_080121,pediatricBurns_NMR128-PLA-3MM_IVDR04_PLA_PBU00009_36SE_R1C2,23,Plasma,PROF_PLASMA_DAS_A,"usera2,PBU00009_36SE",D:\IVDrData\data
103,nmrsu,pediatricBurns_2020_IVDR04_NMR-PLA-3MM_PLA_PBUp01_080121,pediatricBurns_NMR128-PLA-3MM_IVDR04_PLA_PBU00017_CJ39_R1C3,30,Plasma,PROF_PLASMA_NOESY128_3mm,"usera2,PBU00017_CJ39",D:\IVDrData\data
103,nmrsu,pediatricBurns_2020_IVDR04_NMR-PLA-3MM_PLA_PBUp01_080121,pediatricBurns_NMR128-PLA-3MM_IVDR04_PLA_PBU00017_CJ39_R1C3,31,Plasma,PROF_PLASMA_CPMG128_3mm,"usera2,PBU00017_CJ39",D:\IVDrData\data
103,nmrsu,pediatricBurns_2020_IVDR04_NMR-PLA-3MM_PLA_PBUp01_080121,pediatricBurns_NMR128-PLA-3MM_IVDR04_PLA_PBU00017_CJ39_R1C3,32,Plasma,PROF_PLASMA_JRES8_3mm,"usera2,PBU00017_CJ39",D:\IVDrData\data
103,nmrsu,pediatricBurns_2020_IVDR04_NMR-PLA-3MM_PLA_PBUp01_080121,pediatricBurns_NMR128-PLA-3MM_IVDR04_PLA_PBU00017_CJ39_R1C3,33,Plasma,PROF_PLASMA_DAS_A,"usera2,PBU00017_CJ39",D:\IVDrData\data
104,nmrsu,pediatricBurns_2020_IVDR04_NMR-PLA-3MM_PLA_PBUp01_080121,pediatricBurns_NMR128-PLA-3MM_IVDR04_PLA_PBU00025_IFO-005_R1C4,40,Plasma,PROF_PLASMA_NOESY128_3mm,"usera2,PBU00025_IFO-005",D:\IVDrData\data
104,nmrsu,pediatricBurns_2020_IVDR04_NMR-PLA-3MM_PLA_PBUp01_080121,pediatricBurns_NMR128-PLA-3MM_IVDR04_PLA_PBU00025_IFO-005_R1C4,41,Plasma,PROF_PLASMA_CPMG128_3mm,"usera2,PBU00025_IFO-005",D:\IVDrData\data
104,nmrsu,pediatricBurns_2020_IVDR04_NMR-PLA-3MM_PLA_PBUp01_080121,pediatricBurns_NMR128-PLA-3MM_IVDR04_PLA_PBU00025_IFO-005_R1C4,42,Plasma,PROF_PLASMA_JRES8_3mm,"usera2,PBU00025_IFO-005",D:\IVDrData\data
104,nmrsu,pediatricBurns_2020_IVDR04_NMR-PLA-3MM_PLA_PBUp01_080121,pediatricBurns_NMR128-PLA-3MM_IVDR04_PLA_PBU00025_IFO-005_R1C4,43,Plasma,PROF_PLASMA_DAS_A,"usera2,PBU00025_IFO-005",D:\IVDrData\data
105,nmrsu,pediatricBurns_2020_IVDR04_NMR-PLA-3MM_PLA_PBUp01_080121,pediatricBurns_NMR128-PLA-3MM_IVDR04_PLA_PBU00033_IFO-100_R1C5,50,Plasma,PROF_PLASMA_NOESY128_3mm,"usera2,PBU00033_IFO-100",D:\IVDrData\data
105,nmrsu,pediatricBurns_2020_IVDR04_NMR-PLA-3MM_PLA_PBUp01_080121,pediatricBurns_NMR128-PLA-3MM_IVDR04_PLA_PBU00033_IFO-100_R1C5,51,Plasma,PROF_PLASMA_CPMG128_3mm,"usera2,PBU00033_IFO-100",D:\IVDrData\data
105,nmrsu,pediatricBurns_2020_IVDR04_NMR-PLA-3MM_PLA_PBUp01_080121,pediatricBurns_NMR128-PLA-3MM_IVDR04_PLA_PBU00033_IFO-100_R1C5,52,Plasma,PROF_PLASMA_JRES8_3mm,"usera2,PBU00033_IFO-100",D:\IVDrData\data
105,nmrsu,pediatricBurns_2020_IVDR04_NMR-PLA-3MM_PLA_PBUp01_080121,pediatricBurns_NMR128-PLA-3MM_IVDR04_PLA_PBU00033_IFO-100_R1C5,53,Plasma,PROF_PLASMA_DAS_A,"usera2,PBU00033_IFO-100",D:\IVDrData\data
106,nmrsu,pediatricBurns_2020_IVDR04_NMR-PLA-3MM_PLA_PBUp01_080121,pediatricBurns_NMR128-PLA-3MM_IVDR04_PLA_PBU00041_IFO-204_R1C6,60,Plasma,PROF_PLASMA_NOESY128_3mm,"usera2,PBU00041_IFO-204",D:\IVDrData\data
106,nmrsu,pediatricBurns_2020_IVDR04_NMR-PLA-3MM_PLA_PBUp01_080121,pediatricBurns_NMR128-PLA-3MM_IVDR04_PLA_PBU00041_IFO-204_R1C6,61,Plasma,PROF_PLASMA_CPMG128_3mm,"usera2,PBU00041_IFO-204",D:\IVDrData\data
106,nmrsu,pediatricBurns_2020_IVDR04_NMR-PLA-3MM_PLA_PBUp01_080121,pediatricBurns_NMR128-PLA-3MM_IVDR04_PLA_PBU00041_IFO-204_R1C6,62,Plasma,PROF_PLASMA_JRES8_3mm,"usera2,PBU00041_IFO-204",D:\IVDrData\data
106,nmrsu,pediatricBurns_2020_IVDR04_NMR-PLA-3MM_PLA_PBUp01_080121,pediatricBurns_NMR128-PLA-3MM_IVDR04_PLA_PBU00041_IFO-204_R1C6,63,Plasma,PROF_PLASMA_DAS_A,"usera2,PBU00041_IFO-204",D:\IVDrData\data
107,nmrsu,pediatricBurns_2020_IVDR04_NMR-PLA-3MM_PLA_PBUp01_080121,pediatricBurns_NMR128-PLA-3MM_IVDR04_PLA_PBU00049_KT25_R1C7,70,Plasma,PROF_PLASMA_NOESY128_3mm,"usera2,PBU00049_KT25",D:\IVDrData\data
107,nmrsu,pediatricBurns_2020_IVDR04_NMR-PLA-3MM_PLA_PBUp01_080121,pediatricBurns_NMR128-PLA-3MM_IVDR04_PLA_PBU00049_KT25_R1C7,71,Plasma,PROF_PLASMA_CPMG128_3mm,"usera2,PBU00049_KT25",D:\IVDrData\data
107,nmrsu,pediatricBurns_2020_IVDR04_NMR-PLA-3MM_PLA_PBUp01_080121,pediatricBurns_NMR128-PLA-3MM_IVDR04_PLA_PBU00049_KT25_R1C7,72,Plasma,PROF_PLASMA_JRES8_3mm,"usera2,PBU00049_KT25",D:\IVDrData\data
107,nmrsu,pediatricBurns_2020_IVDR04_NMR-PLA-3MM_PLA_PBUp01_080121,pediatricBurns_NMR128-PLA-3MM_IVDR04_PLA_PBU00049_KT25_R1C7,73,Plasma,PROF_PLASMA_DAS_A,"usera2,PBU00049_KT25",D:\IVDrData\data
108,nmrsu,pediatricBurns_2020_IVDR04_NMR-PLA-3MM_PLA_PBUp01_080121,pediatricBurns_NMR128-PLA-3MM_IVDR04_PLA_PBU00057_7JAY_R1C8,80,Plasma,PROF_PLASMA_NOESY128_3mm,"usera2,PBU00057_7JAY",D:\IVDrData\data
108,nmrsu,pediatricBurns_2020_IVDR04_NMR-PLA-3MM_PLA_PBUp01_080121,pediatricBurns_NMR128-PLA-3MM_IVDR04_PLA_PBU00057_7JAY_R1C8,81,Plasma,PROF_PLASMA_CPMG128_3mm,"usera2,PBU00057_7JAY",D:\IVDrData\data
108,nmrsu,pediatricBurns_2020_IVDR04_NMR-PLA-3MM_PLA_PBUp01_080121,pediatricBurns_NMR128-PLA-3MM_IVDR04_PLA_PBU00057_7JAY_R1C8,82,Plasma,PROF_PLASMA_JRES8_3mm,"usera2,PBU00057_7JAY",D:\IVDrData\data
108,nmrsu,pediatricBurns_2020_IVDR04_NMR-PLA-3MM_PLA_PBUp01_080121,pediatricBurns_NMR128-PLA-3MM_IVDR04_PLA_PBU00057_7JAY_R1C8,83,Plasma,PROF_PLASMA_DAS_A,"usera2,PBU00057_7JAY",D:\IVDrData\data
113,nmrsu,pediatricBurns_2020_IVDR04_NMR-PLA-3MM_PLA_PBUp01_080121,pediatricBurns_NMR128-PLA-3MM_IVDR04_PLA_PBU00002_11BON_R2C1,90,Plasma,PROF_PLASMA_NOESY128_3mm,"usera2,PBU00002_11BON",D:\IVDrData\data
113,nmrsu,pediatricBurns_2020_IVDR04_NMR-PLA-3MM_PLA_PBUp01_080121,pediatricBurns_NMR128-PLA-3MM_IVDR04_PLA_PBU00002_11BON_R2C1,91,Plasma,PROF_PLASMA_CPMG128_3mm,"usera2,PBU00002_11BON",D:\IVDrData\data
113,nmrsu,pediatricBurns_2020_IVDR04_NMR-PLA-3MM_PLA_PBUp01_080121,pediatricBurns_NMR128-PLA-3MM_IVDR04_PLA_PBU00002_11BON_R2C1,92,Plasma,PROF_PLASMA_JRES8_3mm,"usera2,PBU00002_11BON",D:\IVDrData\data
113,nmrsu,pediatricBurns_2020_IVDR04_NMR-PLA-3MM_PLA_PBUp01_080121,pediatricBurns_NMR128-PLA-3MM_IVDR04_PLA_PBU00002_11BON_R2C1,93,Plasma,PROF_PLASMA_DAS_A,"usera2,PBU00002_11BON",D:\IVDrData\data
114,nmrsu,pediatricBurns_2020_IVDR04_NMR-PLA-3MM_PLA_PBUp01_080121,pediatricBurns_NMR128-PLA-3MM_IVDR04_PLA_PBU00010_4KEN_R2C2,100,Plasma,PROF_PLASMA_NOESY128_3mm,"usera2,PBU00010_4KEN",D:\IVDrData\data
114,nmrsu,pediatricBurns_2020_IVDR04_NMR-PLA-3MM_PLA_PBUp01_080121,pediatricBurns_NMR128-PLA-3MM_IVDR04_PLA_PBU00010_4KEN_R2C2,101,Plasma,PROF_PLASMA_CPMG128_3mm,"usera2,PBU00010_4KEN",D:\IVDrData\data
114,nmrsu,pediatricBurns_2020_IVDR04_NMR-PLA-3MM_PLA_PBUp01_080121,pediatricBurns_NMR128-PLA-3MM_IVDR04_PLA_PBU00010_4KEN_R2C2,102,Plasma,PROF_PLASMA_JRES8_3mm,"usera2,PBU00010_4KEN",D:\IVDrData\data
114,nmrsu,pediatricBurns_2020_IVDR04_NMR-PLA-3MM_PLA_PBUp01_080121,pediatricBurns_NMR128-PLA-3MM_IVDR04_PLA_PBU00010_4KEN_R2C2,103,Plasma,PROF_PLASMA_DAS_A,"usera2,PBU00010_4KEN",D:\IVDrData\data
115,nmrsu,pediatricBurns_2020_IVDR04_NMR-PLA-3MM_PLA_PBUp01_080121,pediatricBurns_NMR128-PLA-3MM_IVDR04_PLA_PBU00018_CJ42_R2C3,110,Plasma,PROF_PLASMA_NOESY128_3mm,"usera2,PBU00018_CJ42",D:\IVDrData\data
115,nmrsu,pediatricBurns_2020_IVDR04_NMR-PLA-3MM_PLA_PBUp01_080121,pediatricBurns_NMR128-PLA-3MM_IVDR04_PLA_PBU00018_CJ42_R2C3,111,Plasma,PROF_PLASMA_CPMG128_3mm,"usera2,PBU00018_CJ42",D:\IVDrData\data
115,nmrsu,pediatricBurns_2020_IVDR04_NMR-PLA-3MM_PLA_PBUp01_080121,pediatricBurns_NMR128-PLA-3MM_IVDR04_PLA_PBU00018_CJ42_R2C3,112,Plasma,PROF_PLASMA_JRES8_3mm,"usera2,PBU00018_CJ42",D:\IVDrData\data
115,nmrsu,pediatricBurns_2020_IVDR04_NMR-PLA-3MM_PLA_PBUp01_080121,pediatricBurns_NMR128-PLA-3MM_IVDR04_PLA_PBU00018_CJ42_R2C3,113,Plasma,PROF_PLASMA_DAS_A,"usera2,PBU00018_CJ42",D:\IVDrData\data
116,nmrsu,pediatricBurns_2020_IVDR04_NMR-PLA-3MM_PLA_PBUp01_080121,pediatricBurns_NMR128-PLA-3MM_IVDR04_PLA_PBU00026_IFO-015_R2C4,120,Plasma,PROF_PLASMA_NOESY128_3mm,"usera2,PBU00026_IFO-015",D:\IVDrData\data
116,nmrsu,pediatricBurns_2020_IVDR04_NMR-PLA-3MM_PLA_PBUp01_080121,pediatricBurns_NMR128-PLA-3MM_IVDR04_PLA_PBU00026_IFO-015_R2C4,121,Plasma,PROF_PLASMA_CPMG128_3mm,"usera2,PBU00026_IFO-015",D:\IVDrData\data
116,nmrsu,pediatricBurns_2020_IVDR04_NMR-PLA-3MM_PLA_PBUp01_080121,pediatricBurns_NMR128-PLA-3MM_IVDR04_PLA_PBU00026_IFO-015_R2C4,122,Plasma,PROF_PLASMA_JRES8_3mm,"usera2,PBU00026_IFO-015",D:\IVDrData\data
116,nmrsu,pediatricBurns_2020_IVDR04_NMR-PLA-3MM_PLA_PBUp01_080121,pediatricBurns_NMR128-PLA-3MM_IVDR04_PLA_PBU00026_IFO-015_R2C4,123,Plasma,PROF_PLASMA_DAS_A,"usera2,PBU00026_IFO-015",D:\IVDrData\data
117,nmrsu,pediatricBurns_2020_IVDR04_NMR-PLA-3MM_PLA_PBUp01_080121,pediatricBurns_NMR128-PLA-3MM_IVDR04_PLA_PBU00034_IFO-102_R2C5,130,Plasma,PROF_PLASMA_NOESY128_3mm,"usera2,PBU00034_IFO-102",D:\IVDrData\data
117,nmrsu,pediatricBurns_2020_IVDR04_NMR-PLA-3MM_PLA_PBUp01_080121,pediatricBurns_NMR128-PLA-3MM_IVDR04_PLA_PBU00034_IFO-102_R2C5,131,Plasma,PROF_PLASMA_CPMG128_3mm,"usera2,PBU00034_IFO-102",D:\IVDrData\data
117,nmrsu,pediatricBurns_2020_IVDR04_NMR-PLA-3MM_PLA_PBUp01_080121,pediatricBurns_NMR128-PLA-3MM_IVDR04_PLA_PBU00034_IFO-102_R2C5,132,Plasma,PROF_PLASMA_JRES8_3mm,"usera2,PBU00034_IFO-102",D:\IVDrData\data
117,nmrsu,pediatricBurns_2020_IVDR04_NMR-PLA-3MM_PLA_PBUp01_080121,pediatricBurns_NMR128-PLA-3MM_IVDR04_PLA_PBU00034_IFO-102_R2C5,133,Plasma,PROF_PLASMA_DAS_A,"usera2,PBU00034_IFO-102",D:\IVDrData\data
118,nmrsu,pediatricBurns_2020_IVDR04_NMR-PLA-3MM_PLA_PBUp01_080121,pediatricBurns_NMR128-PLA-3MM_IVDR04_PLA_PBU00042_IFO-285_R2C6,140,Plasma,PROF_PLASMA_NOESY128_3mm,"usera2,PBU00042_IFO-285",D:\IVDrData\data
118,nmrsu,pediatricBurns_2020_IVDR04_NMR-PLA-3MM_PLA_PBUp01_080121,pediatricBurns_NMR128-PLA-3MM_IVDR04_PLA_PBU00042_IFO-285_R2C6,141,Plasma,PROF_PLASMA_CPMG128_3mm,"usera2,PBU00042_IFO-285",D:\IVDrData\data
118,nmrsu,pediatricBurns_2020_IVDR04_NMR-PLA-3MM_PLA_PBUp01_080121,pediatricBurns_NMR128-PLA-3MM_IVDR04_PLA_PBU00042_IFO-285_R2C6,142,Plasma,PROF_PLASMA_JRES8_3mm,"usera2,PBU00042_IFO-285",D:\IVDrData\data
118,nmrsu,pediatricBurns_2020_IVDR04_NMR-PLA-3MM_PLA_PBUp01_080121,pediatricBurns_NMR128-PLA-3MM_IVDR04_PLA_PBU00042_IFO-285_R2C6,143,Plasma,PROF_PLASMA_DAS_A,"usera2,PBU00042_IFO-285",D:\IVDrData\data
119,nmrsu,pediatricBurns_2020_IVDR04_NMR-PLA-3MM_PLA_PBUp01_080121,pediatricBurns_NMR128-PLA-3MM_IVDR04_PLA_PBU00050_LBS17_R2C7,150,Plasma,PROF_PLASMA_NOESY128_3mm,"usera2,PBU00050_LBS17",D:\IVDrData\data
119,nmrsu,pediatricBurns_2020_IVDR04_NMR-PLA-3MM_PLA_PBUp01_080121,pediatricBurns_NMR128-PLA-3MM_IVDR04_PLA_PBU00050_LBS17_R2C7,151,Plasma,PROF_PLASMA_CPMG128_3mm,"usera2,PBU00050_LBS17",D:\IVDrData\data
119,nmrsu,pediatricBurns_2020_IVDR04_NMR-PLA-3MM_PLA_PBUp01_080121,pediatricBurns_NMR128-PLA-3MM_IVDR04_PLA_PBU00050_LBS17_R2C7,152,Plasma,PROF_PLASMA_JRES8_3mm,"usera2,PBU00050_LBS17",D:\IVDrData\data
119,nmrsu,pediatricBurns_2020_IVDR04_NMR-PLA-3MM_PLA_PBUp01_080121,pediatricBurns_NMR128-PLA-3MM_IVDR04_PLA_PBU00050_LBS17_R2C7,153,Plasma,PROF_PLASMA_DAS_A,"usera2,PBU00050_LBS17",D:\IVDrData\data
120,nmrsu,pediatricBurns_2020_IVDR04_NMR-PLA-3MM_PLA_PBUp01_080121,pediatricBurns_NMR128-PLA-3MM_IVDR04_PLA_PBU00058_YT44_R2C8,160,Plasma,PROF_PLASMA_NOESY128_3mm,"usera2,PBU00058_YT44",D:\IVDrData\data
120,nmrsu,pediatricBurns_2020_IVDR04_NMR-PLA-3MM_PLA_PBUp01_080121,pediatricBurns_NMR128-PLA-3MM_IVDR04_PLA_PBU00058_YT44_R2C8,161,Plasma,PROF_PLASMA_CPMG128_3mm,"usera2,PBU00058_YT44",D:\IVDrData\data
120,nmrsu,pediatricBurns_2020_IVDR04_NMR-PLA-3MM_PLA_PBUp01_080121,pediatricBurns_NMR128-PLA-3MM_IVDR04_PLA_PBU00058_YT44_R2C8,162,Plasma,PROF_PLASMA_JRES8_3mm,"usera2,PBU00058_YT44",D:\IVDrData\data
120,nmrsu,pediatricBurns_2020_IVDR04_NMR-PLA-3MM_PLA_PBUp01_080121,pediatricBurns_NMR128-PLA-3MM_IVDR04_PLA_PBU00058_YT44_R2C8,163,Plasma,PROF_PLASMA_DAS_A,"usera2,PBU00058_YT44",D:\IVDrData\data
124,nmrsu,pediatricBurns_2020_IVDR04_NMR-PLA-3MM_PLA_PBUp01_080121,pediatricBurns_NMR128-PLA-3MM_IVDR04_PLA_LTR_PLASMA_R2C12,170,Plasma,PROF_PLASMA_NOESY128_3mm,"usera2,LTR_PLASMA",D:\IVDrData\data
124,nmrsu,pediatricBurns_2020_IVDR04_NMR-PLA-3MM_PLA_PBUp01_080121,pediatricBurns_NMR128-PLA-3MM_IVDR04_PLA_LTR_PLASMA_R2C12,171,Plasma,PROF_PLASMA_CPMG128_3mm,"usera2,LTR_PLASMA",D:\IVDrData\data
124,nmrsu,pediatricBurns_2020_IVDR04_NMR-PLA-3MM_PLA_PBUp01_080121,pediatricBurns_NMR128-PLA-3MM_IVDR04_PLA_LTR_PLASMA_R2C12,172,Plasma,PROF_PLASMA_JRES8_3mm,"usera2,LTR_PLASMA",D:\IVDrData\data
124,nmrsu,pediatricBurns_2020_IVDR04_NMR-PLA-3MM_PLA_PBUp01_080121,pediatricBurns_NMR128-PLA-3MM_IVDR04_PLA_LTR_PLASMA_R2C12,173,Plasma,PROF_PLASMA_DAS_A,"usera2,LTR_PLASMA",D:\IVDrData\data
125,nmrsu,pediatricBurns_2020_IVDR04_NMR-PLA-3MM_PLA_PBUp01_080121,pediatricBurns_NMR128-PLA-3MM_IVDR04_PLA_PBU00003_12POP_R3C1,180,Plasma,PROF_PLASMA_NOESY128_3mm,"usera2,PBU00003_12POP",D:\IVDrData\data
125,nmrsu,pediatricBurns_2020_IVDR04_NMR-PLA-3MM_PLA_PBUp01_080121,pediatricBurns_NMR128-PLA-3MM_IVDR04_PLA_PBU00003_12POP_R3C1,181,Plasma,PROF_PLASMA_CPMG128_3mm,"usera2,PBU00003_12POP",D:\IVDrData\data
125,nmrsu,pediatricBurns_2020_IVDR04_NMR-PLA-3MM_PLA_PBUp01_080121,pediatricBurns_NMR128-PLA-3MM_IVDR04_PLA_PBU00003_12POP_R3C1,182,Plasma,PROF_PLASMA_JRES8_3mm,"usera2,PBU00003_12POP",D:\IVDrData\data
125,nmrsu,pediatricBurns_2020_IVDR04_NMR-PLA-3MM_PLA_PBUp01_080121,pediatricBurns_NMR128-PLA-3MM_IVDR04_PLA_PBU00003_12POP_R3C1,183,Plasma,PROF_PLASMA_DAS_A,"usera2,PBU00003_12POP",D:\IVDrData\data
126,nmrsu,pediatricBurns_2020_IVDR04_NMR-PLA-3MM_PLA_PBUp01_080121,pediatricBurns_NMR128-PLA-3MM_IVDR04_PLA_PBU00011_5TAN_R3C2,190,Plasma,PROF_PLASMA_NOESY128_3mm,"usera2,PBU00011_5TAN",D:\IVDrData\data
126,nmrsu,pediatricBurns_2020_IVDR04_NMR-PLA-3MM_PLA_PBUp01_080121,pediatricBurns_NMR128-PLA-3MM_IVDR04_PLA_PBU00011_5TAN_R3C2,191,Plasma,PROF_PLASMA_CPMG128_3mm,"usera2,PBU00011_5TAN",D:\IVDrData\data
126,nmrsu,pediatricBurns_2020_IVDR04_NMR-PLA-3MM_PLA_PBUp01_080121,pediatricBurns_NMR128-PLA-3MM_IVDR04_PLA_PBU00011_5TAN_R3C2,192,Plasma,PROF_PLASMA_JRES8_3mm,"usera2,PBU00011_5TAN",D:\IVDrData\data
126,nmrsu,pediatricBurns_2020_IVDR04_NMR-PLA-3MM_PLA_PBUp01_080121,pediatricBurns_NMR128-PLA-3MM_IVDR04_PLA_PBU00011_5TAN_R3C2,193,Plasma,PROF_PLASMA_DAS_A,"usera2,PBU00011_5TAN",D:\IVDrData\data
127,nmrsu,pediatricBurns_2020_IVDR04_NMR-PLA-3MM_PLA_PBUp01_080121,pediatricBurns_NMR128-PLA-3MM_IVDR04_PLA_PBU00019_CS34_R3C3,200,Plasma,PROF_PLASMA_NOESY128_3mm,"usera2,PBU00019_CS34",D:\IVDrData\data
127,nmrsu,pediatricBurns_2020_IVDR04_NMR-PLA-3MM_PLA_PBUp01_080121,pediatricBurns_NMR128-PLA-3MM_IVDR04_PLA_PBU00019_CS34_R3C3,201,Plasma,PROF_PLASMA_CPMG128_3mm,"usera2,PBU00019_CS34",D:\IVDrData\data
127,nmrsu,pediatricBurns_2020_IVDR04_NMR-PLA-3MM_PLA_PBUp01_080121,pediatricBurns_NMR128-PLA-3MM_IVDR04_PLA_PBU00019_CS34_R3C3,202,Plasma,PROF_PLASMA_JRES8_3mm,"usera2,PBU00019_CS34",D:\IVDrData\data
127,nmrsu,pediatricBurns_2020_IVDR04_NMR-PLA-3MM_PLA_PBUp01_080121,pediatricBurns_NMR128-PLA-3MM_IVDR04_PLA_PBU00019_CS34_R3C3,203,Plasma,PROF_PLASMA_DAS_A,"usera2,PBU00019_CS34",D:\IVDrData\data
128,nmrsu,pediatricBurns_2020_IVDR04_NMR-PLA-3MM_PLA_PBUp01_080121,pediatricBurns_NMR128-PLA-3MM_IVDR04_PLA_PBU00027_IFO-022_R3C4,210,Plasma,PROF_PLASMA_NOESY128_3mm,"usera2,PBU00027_IFO-022",D:\IVDrData\data
128,nmrsu,pediatricBurns_2020_IVDR04_NMR-PLA-3MM_PLA_PBUp01_080121,pediatricBurns_NMR128-PLA-3MM_IVDR04_PLA_PBU00027_IFO-022_R3C4,211,Plasma,PROF_PLASMA_CPMG128_3mm,"usera2,PBU00027_IFO-022",D:\IVDrData\data
128,nmrsu,pediatricBurns_2020_IVDR04_NMR-PLA-3MM_PLA_PBUp01_080121,pediatricBurns_NMR128-PLA-3MM_IVDR04_PLA_PBU00027_IFO-022_R3C4,212,Plasma,PROF_PLASMA_JRES8_3mm,"usera2,PBU00027_IFO-022",D:\IVDrData\data
128,nmrsu,pediatricBurns_2020_IVDR04_NMR-PLA-3MM_PLA_PBUp01_080121,pediatricBurns_NMR128-PLA-3MM_IVDR04_PLA_PBU00027_IFO-022_R3C4,213,Plasma,PROF_PLASMA_DAS_A,"usera2,PBU00027_IFO-022",D:\IVDrData\data
129,nmrsu,pediatricBurns_2020_IVDR04_NMR-PLA-3MM_PLA_PBUp01_080121,pediatricBurns_NMR128-PLA-3MM_IVDR04_PLA_PBU00035_IFO-104_R3C5,220,Plasma,PROF_PLASMA_NOESY128_3mm,"usera2,PBU00035_IFO-104",D:\IVDrData\data
129,nmrsu,pediatricBurns_2020_IVDR04_NMR-PLA-3MM_PLA_PBUp01_080121,pediatricBurns_NMR128-PLA-3MM_IVDR04_PLA_PBU00035_IFO-104_R3C5,221,Plasma,PROF_PLASMA_CPMG128_3mm,"usera2,PBU00035_IFO-104",D:\IVDrData\data
129,nmrsu,pediatricBurns_2020_IVDR04_NMR-PLA-3MM_PLA_PBUp01_080121,pediatricBurns_NMR128-PLA-3MM_IVDR04_PLA_PBU00035_IFO-104_R3C5,222,Plasma,PROF_PLASMA_JRES8_3mm,"usera2,PBU00035_IFO-104",D:\IVDrData\data
129,nmrsu,pediatricBurns_2020_IVDR04_NMR-PLA-3MM_PLA_PBUp01_080121,pediatricBurns_NMR128-PLA-3MM_IVDR04_PLA_PBU00035_IFO-104_R3C5,223,Plasma,PROF_PLASMA_DAS_A,"usera2,PBU00035_IFO-104",D:\IVDrData\data
130,nmrsu,pediatricBurns_2020_IVDR04_NMR-PLA-3MM_PLA_PBUp01_080121,pediatricBurns_NMR128-PLA-3MM_IVDR04_PLA_PBU00043_IFO-310_R3C6,230,Plasma,PROF_PLASMA_NOESY128_3mm,"usera2,PBU00043_IFO-310",D:\IVDrData\data
130,nmrsu,pediatricBurns_2020_IVDR04_NMR-PLA-3MM_PLA_PBUp01_080121,pediatricBurns_NMR128-PLA-3MM_IVDR04_PLA_PBU00043_IFO-310_R3C6,231,Plasma,PROF_PLASMA_CPMG128_3mm,"usera2,PBU00043_IFO-310",D:\IVDrData\data
130,nmrsu,pediatricBurns_2020_IVDR04_NMR-PLA-3MM_PLA_PBUp01_080121,pediatricBurns_NMR128-PLA-3MM_IVDR04_PLA_PBU00043_IFO-310_R3C6,232,Plasma,PROF_PLASMA_JRES8_3mm,"usera2,PBU00043_IFO-310",D:\IVDrData\data
130,nmrsu,pediatricBurns_2020_IVDR04_NMR-PLA-3MM_PLA_PBUp01_080121,pediatricBurns_NMR128-PLA-3MM_IVDR04_PLA_PBU00043_IFO-310_R3C6,233,Plasma,PROF_PLASMA_DAS_A,"usera2,PBU00043_IFO-310",D:\IVDrData\data
131,nmrsu,pediatricBurns_2020_IVDR04_NMR-PLA-3MM_PLA_PBUp01_080121,pediatricBurns_NMR128-PLA-3MM_IVDR04_PLA_PBU00051_NA38_R3C7,240,Plasma,PROF_PLASMA_NOESY128_3mm,"usera2,PBU00051_NA38",D:\IVDrData\data
131,nmrsu,pediatricBurns_2020_IVDR04_NMR-PLA-3MM_PLA_PBUp01_080121,pediatricBurns_NMR128-PLA-3MM_IVDR04_PLA_PBU00051_NA38_R3C7,241,Plasma,PROF_PLASMA_CPMG128_3mm,"usera2,PBU00051_NA38",D:\IVDrData\data
131,nmrsu,pediatricBurns_2020_IVDR04_NMR-PLA-3MM_PLA_PBUp01_080121,pediatricBurns_NMR128-PLA-3MM_IVDR04_PLA_PBU00051_NA38_R3C7,242,Plasma,PROF_PLASMA_JRES8_3mm,"usera2,PBU00051_NA38",D:\IVDrData\data
131,nmrsu,pediatricBurns_2020_IVDR04_NMR-PLA-3MM_PLA_PBUp01_080121,pediatricBurns_NMR128-PLA-3MM_IVDR04_PLA_PBU00051_NA38_R3C7,243,Plasma,PROF_PLASMA_DAS_A,"usera2,PBU00051_NA38",D:\IVDrData\data
132,nmrsu,pediatricBurns_2020_IVDR04_NMR-PLA-3MM_PLA_PBUp01_080121,pediatricBurns_NMR128-PLA-3MM_IVDR04_PLA_PBU00059_2_2702_R3C8,250,Plasma,PROF_PLASMA_NOESY128_3mm,"usera2,PBU00059_2_2702",D:\IVDrData\data
132,nmrsu,pediatricBurns_2020_IVDR04_NMR-PLA-3MM_PLA_PBUp01_080121,pediatricBurns_NMR128-PLA-3MM_IVDR04_PLA_PBU00059_2_2702_R3C8,251,Plasma,PROF_PLASMA_CPMG128_3mm,"usera2,PBU00059_2_2702",D:\IVDrData\data
132,nmrsu,pediatricBurns_2020_IVDR04_NMR-PLA-3MM_PLA_PBUp01_080121,pediatricBurns_NMR128-PLA-3MM_IVDR04_PLA_PBU00059_2_2702_R3C8,252,Plasma,PROF_PLASMA_JRES8_3mm,"usera2,PBU00059_2_2702",D:\IVDrData\data
132,nmrsu,pediatricBurns_2020_IVDR04_NMR-PLA-3MM_PLA_PBUp01_080121,pediatricBurns_NMR128-PLA-3MM_IVDR04_PLA_PBU00059_2_2702_R3C8,253,Plasma,PROF_PLASMA_DAS_A,"usera2,PBU00059_2_2702",D:\IVDrData\data
137,nmrsu,pediatricBurns_2020_IVDR04_NMR-PLA-3MM_PLA_PBUp01_080121,pediatricBurns_NMR128-PLA-3MM_IVDR04_PLA_PBU00004_13FOR_R4C1,260,Plasma,PROF_PLASMA_NOESY128_3mm,"usera2,PBU00004_13FOR",D:\IVDrData\data
137,nmrsu,pediatricBurns_2020_IVDR04_NMR-PLA-3MM_PLA_PBUp01_080121,pediatricBurns_NMR128-PLA-3MM_IVDR04_PLA_PBU00004_13FOR_R4C1,261,Plasma,PROF_PLASMA_CPMG128_3mm,"usera2,PBU00004_13FOR",D:\IVDrData\data
137,nmrsu,pediatricBurns_2020_IVDR04_NMR-PLA-3MM_PLA_PBUp01_080121,pediatricBurns_NMR128-PLA-3MM_IVDR04_PLA_PBU00004_13FOR_R4C1,262,Plasma,PROF_PLASMA_JRES8_3mm,"usera2,PBU00004_13FOR",D:\IVDrData\data
137,nmrsu,pediatricBurns_2020_IVDR04_NMR-PLA-3MM_PLA_PBUp01_080121,pediatricBurns_NMR128-PLA-3MM_IVDR04_PLA_PBU00004_13FOR_R4C1,263,Plasma,PROF_PLASMA_DAS_A,"usera2,PBU00004_13FOR",D:\IVDrData\data
138,nmrsu,pediatricBurns_2020_IVDR04_NMR-PLA-3MM_PLA_PBUp01_080121,pediatricBurns_NMR128-PLA-3MM_IVDR04_PLA_PBU00012_6FRE_R4C2,270,Plasma,PROF_PLASMA_NOESY128_3mm,"usera2,PBU00012_6FRE",D:\IVDrData\data
138,nmrsu,pediatricBurns_2020_IVDR04_NMR-PLA-3MM_PLA_PBUp01_080121,pediatricBurns_NMR128-PLA-3MM_IVDR04_PLA_PBU00012_6FRE_R4C2,271,Plasma,PROF_PLASMA_CPMG128_3mm,"usera2,PBU00012_6FRE",D:\IVDrData\data
138,nmrsu,pediatricBurns_2020_IVDR04_NMR-PLA-3MM_PLA_PBUp01_080121,pediatricBurns_NMR128-PLA-3MM_IVDR04_PLA_PBU00012_6FRE_R4C2,272,Plasma,PROF_PLASMA_JRES8_3mm,"usera2,PBU00012_6FRE",D:\IVDrData\data
138,nmrsu,pediatricBurns_2020_IVDR04_NMR-PLA-3MM_PLA_PBUp01_080121,pediatricBurns_NMR128-PLA-3MM_IVDR04_PLA_PBU00012_6FRE_R4C2,273,Plasma,PROF_PLASMA_DAS_A,"usera2,PBU00012_6FRE",D:\IVDrData\data
139,nmrsu,pediatricBurns_2020_IVDR04_NMR-PLA-3MM_PLA_PBUp01_080121,pediatricBurns_NMR128-PLA-3MM_IVDR04_PLA_PBU00020_FD19_R4C3,280,Plasma,PROF_PLASMA_NOESY128_3mm,"usera2,PBU00020_FD19",D:\IVDrData\data
139,nmrsu,pediatricBurns_2020_IVDR04_NMR-PLA-3MM_PLA_PBUp01_080121,pediatricBurns_NMR128-PLA-3MM_IVDR04_PLA_PBU00020_FD19_R4C3,281,Plasma,PROF_PLASMA_CPMG128_3mm,"usera2,PBU00020_FD19",D:\IVDrData\data
139,nmrsu,pediatricBurns_2020_IVDR04_NMR-PLA-3MM_PLA_PBUp01_080121,pediatricBurns_NMR128-PLA-3MM_IVDR04_PLA_PBU00020_FD19_R4C3,282,Plasma,PROF_PLASMA_JRES8_3mm,"usera2,PBU00020_FD19",D:\IVDrData\data
139,nmrsu,pediatricBurns_2020_IVDR04_NMR-PLA-3MM_PLA_PBUp01_080121,pediatricBurns_NMR128-PLA-3MM_IVDR04_PLA_PBU00020_FD19_R4C3,283,Plasma,PROF_PLASMA_DAS_A,"usera2,PBU00020_FD19",D:\IVDrData\data
140,nmrsu,pediatricBurns_2020_IVDR04_NMR-PLA-3MM_PLA_PBUp01_080121,pediatricBurns_NMR128-PLA-3MM_IVDR04_PLA_PBU00028_IFO-026_R4C4,290,Plasma,PROF_PLASMA_NOESY128_3mm,"usera2,PBU00028_IFO-026",D:\IVDrData\data
140,nmrsu,pediatricBurns_2020_IVDR04_NMR-PLA-3MM_PLA_PBUp01_080121,pediatricBurns_NMR128-PLA-3MM_IVDR04_PLA_PBU00028_IFO-026_R4C4,291,Plasma,PROF_PLASMA_CPMG128_3mm,"usera2,PBU00028_IFO-026",D:\IVDrData\data
140,nmrsu,pediatricBurns_2020_IVDR04_NMR-PLA-3MM_PLA_PBUp01_080121,pediatricBurns_NMR128-PLA-3MM_IVDR04_PLA_PBU00028_IFO-026_R4C4,292,Plasma,PROF_PLASMA_JRES8_3mm,"usera2,PBU00028_IFO-026",D:\IVDrData\data
140,nmrsu,pediatricBurns_2020_IVDR04_NMR-PLA-3MM_PLA_PBUp01_080121,pediatricBurns_NMR128-PLA-3MM_IVDR04_PLA_PBU00028_IFO-026_R4C4,293,Plasma,PROF_PLASMA_DAS_A,"usera2,PBU00028_IFO-026",D:\IVDrData\data
141,nmrsu,pediatricBurns_2020_IVDR04_NMR-PLA-3MM_PLA_PBUp01_080121,pediatricBurns_NMR128-PLA-3MM_IVDR04_PLA_PBU00036_IFO-120_R4C5,300,Plasma,PROF_PLASMA_NOESY128_3mm,"usera2,PBU00036_IFO-120",D:\IVDrData\data
141,nmrsu,pediatricBurns_2020_IVDR04_NMR-PLA-3MM_PLA_PBUp01_080121,pediatricBurns_NMR128-PLA-3MM_IVDR04_PLA_PBU00036_IFO-120_R4C5,301,Plasma,PROF_PLASMA_CPMG128_3mm,"usera2,PBU00036_IFO-120",D:\IVDrData\data
141,nmrsu,pediatricBurns_2020_IVDR04_NMR-PLA-3MM_PLA_PBUp01_080121,pediatricBurns_NMR128-PLA-3MM_IVDR04_PLA_PBU00036_IFO-120_R4C5,302,Plasma,PROF_PLASMA_JRES8_3mm,"usera2,PBU00036_IFO-120",D:\IVDrData\data
141,nmrsu,pediatricBurns_2020_IVDR04_NMR-PLA-3MM_PLA_PBUp01_080121,pediatricBurns_NMR128-PLA-3MM_IVDR04_PLA_PBU00036_IFO-120_R4C5,303,Plasma,PROF_PLASMA_DAS_A,"usera2,PBU00036_IFO-120",D:\IVDrData\data
142,nmrsu,pediatricBurns_2020_IVDR04_NMR-PLA-3MM_PLA_PBUp01_080121,pediatricBurns_NMR128-PLA-3MM_IVDR04_PLA_PBU00044_IFO-325_R4C6,310,Plasma,PROF_PLASMA_NOESY128_3mm,"usera2,PBU00044_IFO-325",D:\IVDrData\data
142,nmrsu,pediatricBurns_2020_IVDR04_NMR-PLA-3MM_PLA_PBUp01_080121,pediatricBurns_NMR128-PLA-3MM_IVDR04_PLA_PBU00044_IFO-325_R4C6,311,Plasma,PROF_PLASMA_CPMG128_3mm,"usera2,PBU00044_IFO-325",D:\IVDrData\data
142,nmrsu,pediatricBurns_2020_IVDR04_NMR-PLA-3MM_PLA_PBUp01_080121,pediatricBurns_NMR128-PLA-3MM_IVDR04_PLA_PBU00044_IFO-325_R4C6,312,Plasma,PROF_PLASMA_JRES8_3mm,"usera2,PBU00044_IFO-325",D:\IVDrData\data
142,nmrsu,pediatricBurns_2020_IVDR04_NMR-PLA-3MM_PLA_PBUp01_080121,pediatricBurns_NMR128-PLA-3MM_IVDR04_PLA_PBU00044_IFO-325_R4C6,313,Plasma,PROF_PLASMA_DAS_A,"usera2,PBU00044_IFO-325",D:\IVDrData\data
143,nmrsu,pediatricBurns_2020_IVDR04_NMR-PLA-3MM_PLA_PBUp01_080121,pediatricBurns_NMR128-PLA-3MM_IVDR04_PLA_PBU00052_PC33_R4C7,320,Plasma,PROF_PLASMA_NOESY128_3mm,"usera2,PBU00052_PC33",D:\IVDrData\data
143,nmrsu,pediatricBurns_2020_IVDR04_NMR-PLA-3MM_PLA_PBUp01_080121,pediatricBurns_NMR128-PLA-3MM_IVDR04_PLA_PBU00052_PC33_R4C7,321,Plasma,PROF_PLASMA_CPMG128_3mm,"usera2,PBU00052_PC33",D:\IVDrData\data
143,nmrsu,pediatricBurns_2020_IVDR04_NMR-PLA-3MM_PLA_PBUp01_080121,pediatricBurns_NMR128-PLA-3MM_IVDR04_PLA_PBU00052_PC33_R4C7,322,Plasma,PROF_PLASMA_JRES8_3mm,"usera2,PBU00052_PC33",D:\IVDrData\data
143,nmrsu,pediatricBurns_2020_IVDR04_NMR-PLA-3MM_PLA_PBUp01_080121,pediatricBurns_NMR128-PLA-3MM_IVDR04_PLA_PBU00052_PC33_R4C7,323,Plasma,PROF_PLASMA_DAS_A,"usera2,PBU00052_PC33",D:\IVDrData\data
144,nmrsu,pediatricBurns_2020_IVDR04_NMR-PLA-3MM_PLA_PBUp01_080121,pediatricBurns_NMR128-PLA-3MM_IVDR04_PLA_PBU00060_5_1903_R4C8,330,Plasma,PROF_PLASMA_NOESY128_3mm,"usera2,PBU00060_5_1903",D:\IVDrData\data
144,nmrsu,pediatricBurns_2020_IVDR04_NMR-PLA-3MM_PLA_PBUp01_080121,pediatricBurns_NMR128-PLA-3MM_IVDR04_PLA_PBU00060_5_1903_R4C8,331,Plasma,PROF_PLASMA_CPMG128_3mm,"usera2,PBU00060_5_1903",D:\IVDrData\data
144,nmrsu,pediatricBurns_2020_IVDR04_NMR-PLA-3MM_PLA_PBUp01_080121,pediatricBurns_NMR128-PLA-3MM_IVDR04_PLA_PBU00060_5_1903_R4C8,332,Plasma,PROF_PLASMA_JRES8_3mm,"usera2,PBU00060_5_1903",D:\IVDrData\data
144,nmrsu,pediatricBurns_2020_IVDR04_NMR-PLA-3MM_PLA_PBUp01_080121,pediatricBurns_NMR128-PLA-3MM_IVDR04_PLA_PBU00060_5_1903_R4C8,333,Plasma,PROF_PLASMA_DAS_A,"usera2,PBU00060_5_1903",D:\IVDrData\data
148,nmrsu,pediatricBurns_2020_IVDR04_NMR-PLA-3MM_PLA_PBUp01_080121,pediatricBurns_NMR128-PLA-3MM_IVDR04_PLA_LTR_PLASMA_R4C12,340,Plasma,PROF_PLASMA_NOESY128_3mm,"usera2,LTR_PLASMA",D:\IVDrData\data
148,nmrsu,pediatricBurns_2020_IVDR04_NMR-PLA-3MM_PLA_PBUp01_080121,pediatricBurns_NMR128-PLA-3MM_IVDR04_PLA_LTR_PLASMA_R4C12,341,Plasma,PROF_PLASMA_CPMG128_3mm,"usera2,LTR_PLASMA",D:\IVDrData\data
148,nmrsu,pediatricBurns_2020_IVDR04_NMR-PLA-3MM_PLA_PBUp01_080121,pediatricBurns_NMR128-PLA-3MM_IVDR04_PLA_LTR_PLASMA_R4C12,342,Plasma,PROF_PLASMA_JRES8_3mm,"usera2,LTR_PLASMA",D:\IVDrData\data
148,nmrsu,pediatricBurns_2020_IVDR04_NMR-PLA-3MM_PLA_PBUp01_080121,pediatricBurns_NMR128-PLA-3MM_IVDR04_PLA_LTR_PLASMA_R4C12,343,Plasma,PROF_PLASMA_DAS_A,"usera2,LTR_PLASMA",D:\IVDrData\data
149,nmrsu,pediatricBurns_2020_IVDR04_NMR-PLA-3MM_PLA_PBUp01_080121,pediatricBurns_NMR128-PLA-3MM_IVDR04_PLA_PBU00005_15LIT_R5C1,350,Plasma,PROF_PLASMA_NOESY128_3mm,"usera2,PBU00005_15LIT",D:\IVDrData\data
149,nmrsu,pediatricBurns_2020_IVDR04_NMR-PLA-3MM_PLA_PBUp01_080121,pediatricBurns_NMR128-PLA-3MM_IVDR04_PLA_PBU00005_15LIT_R5C1,351,Plasma,PROF_PLASMA_CPMG128_3mm,"usera2,PBU00005_15LIT",D:\IVDrData\data
149,nmrsu,pediatricBurns_2020_IVDR04_NMR-PLA-3MM_PLA_PBUp01_080121,pediatricBurns_NMR128-PLA-3MM_IVDR04_PLA_PBU00005_15LIT_R5C1,352,Plasma,PROF_PLASMA_JRES8_3mm,"usera2,PBU00005_15LIT",D:\IVDrData\data
149,nmrsu,pediatricBurns_2020_IVDR04_NMR-PLA-3MM_PLA_PBUp01_080121,pediatricBurns_NMR128-PLA-3MM_IVDR04_PLA_PBU00005_15LIT_R5C1,353,Plasma,PROF_PLASMA_DAS_A,"usera2,PBU00005_15LIT",D:\IVDrData\data
150,nmrsu,pediatricBurns_2020_IVDR04_NMR-PLA-3MM_PLA_PBUp01_080121,pediatricBurns_NMR128-PLA-3MM_IVDR04_PLA_PBU00013_8LEE_R5C2,360,Plasma,PROF_PLASMA_NOESY128_3mm,"usera2,PBU00013_8LEE",D:\IVDrData\data
150,nmrsu,pediatricBurns_2020_IVDR04_NMR-PLA-3MM_PLA_PBUp01_080121,pediatricBurns_NMR128-PLA-3MM_IVDR04_PLA_PBU00013_8LEE_R5C2,361,Plasma,PROF_PLASMA_CPMG128_3mm,"usera2,PBU00013_8LEE",D:\IVDrData\data
150,nmrsu,pediatricBurns_2020_IVDR04_NMR-PLA-3MM_PLA_PBUp01_080121,pediatricBurns_NMR128-PLA-3MM_IVDR04_PLA_PBU00013_8LEE_R5C2,362,Plasma,PROF_PLASMA_JRES8_3mm,"usera2,PBU00013_8LEE",D:\IVDrData\data
150,nmrsu,pediatricBurns_2020_IVDR04_NMR-PLA-3MM_PLA_PBUp01_080121,pediatricBurns_NMR128-PLA-3MM_IVDR04_PLA_PBU00013_8LEE_R5C2,363,Plasma,PROF_PLASMA_DAS_A,"usera2,PBU00013_8LEE",D:\IVDrData\data
151,nmrsu,pediatricBurns_2020_IVDR04_NMR-PLA-3MM_PLA_PBUp01_080121,pediatricBurns_NMR128-PLA-3MM_IVDR04_PLA_PBU00021_HJG20_R5C3,370,Plasma,PROF_PLASMA_NOESY128_3mm,"usera2,PBU00021_HJG20",D:\IVDrData\data
151,nmrsu,pediatricBurns_2020_IVDR04_NMR-PLA-3MM_PLA_PBUp01_080121,pediatricBurns_NMR128-PLA-3MM_IVDR04_PLA_PBU00021_HJG20_R5C3,371,Plasma,PROF_PLASMA_CPMG128_3mm,"usera2,PBU00021_HJG20",D:\IVDrData\data
151,nmrsu,pediatricBurns_2020_IVDR04_NMR-PLA-3MM_PLA_PBUp01_080121,pediatricBurns_NMR128-PLA-3MM_IVDR04_PLA_PBU00021_HJG20_R5C3,372,Plasma,PROF_PLASMA_JRES8_3mm,"usera2,PBU00021_HJG20",D:\IVDrData\data
151,nmrsu,pediatricBurns_2020_IVDR04_NMR-PLA-3MM_PLA_PBUp01_080121,pediatricBurns_NMR128-PLA-3MM_IVDR04_PLA_PBU00021_HJG20_R5C3,373,Plasma,PROF_PLASMA_DAS_A,"usera2,PBU00021_HJG20",D:\IVDrData\data
152,nmrsu,pediatricBurns_2020_IVDR04_NMR-PLA-3MM_PLA_PBUp01_080121,pediatricBurns_NMR128-PLA-3MM_IVDR04_PLA_PBU00029_IFO-032_R5C4,380,Plasma,PROF_PLASMA_NOESY128_3mm,"usera2,PBU00029_IFO-032",D:\IVDrData\data
152,nmrsu,pediatricBurns_2020_IVDR04_NMR-PLA-3MM_PLA_PBUp01_080121,pediatricBurns_NMR128-PLA-3MM_IVDR04_PLA_PBU00029_IFO-032_R5C4,381,Plasma,PROF_PLASMA_CPMG128_3mm,"usera2,PBU00029_IFO-032",D:\IVDrData\data
152,nmrsu,pediatricBurns_2020_IVDR04_NMR-PLA-3MM_PLA_PBUp01_080121,pediatricBurns_NMR128-PLA-3MM_IVDR04_PLA_PBU00029_IFO-032_R5C4,382,Plasma,PROF_PLASMA_JRES8_3mm,"usera2,PBU00029_IFO-032",D:\IVDrData\data
152,nmrsu,pediatricBurns_2020_IVDR04_NMR-PLA-3MM_PLA_PBUp01_080121,pediatricBurns_NMR128-PLA-3MM_IVDR04_PLA_PBU00029_IFO-032_R5C4,383,Plasma,PROF_PLASMA_DAS_A,"usera2,PBU00029_IFO-032",D:\IVDrData\data
153,nmrsu,pediatricBurns_2020_IVDR04_NMR-PLA-3MM_PLA_PBUp01_080121,pediatricBurns_NMR128-PLA-3MM_IVDR04_PLA_PBU00037_IFO-121_R5C5,390,Plasma,PROF_PLASMA_NOESY128_3mm,"usera2,PBU00037_IFO-121",D:\IVDrData\data
153,nmrsu,pediatricBurns_2020_IVDR04_NMR-PLA-3MM_PLA_PBUp01_080121,pediatricBurns_NMR128-PLA-3MM_IVDR04_PLA_PBU00037_IFO-121_R5C5,391,Plasma,PROF_PLASMA_CPMG128_3mm,"usera2,PBU00037_IFO-121",D:\IVDrData\data
153,nmrsu,pediatricBurns_2020_IVDR04_NMR-PLA-3MM_PLA_PBUp01_080121,pediatricBurns_NMR128-PLA-3MM_IVDR04_PLA_PBU00037_IFO-121_R5C5,392,Plasma,PROF_PLASMA_JRES8_3mm,"usera2,PBU00037_IFO-121",D:\IVDrData\data
153,nmrsu,pediatricBurns_2020_IVDR04_NMR-PLA-3MM_PLA_PBUp01_080121,pediatricBurns_NMR128-PLA-3MM_IVDR04_PLA_PBU00037_IFO-121_R5C5,393,Plasma,PROF_PLASMA_DAS_A,"usera2,PBU00037_IFO-121",D:\IVDrData\data
154,nmrsu,pediatricBurns_2020_IVDR04_NMR-PLA-3MM_PLA_PBUp01_080121,pediatricBurns_NMR128-PLA-3MM_IVDR04_PLA_PBU00045_IFO-366_R5C6,400,Plasma,PROF_PLASMA_NOESY128_3mm,"usera2,PBU00045_IFO-366",D:\IVDrData\data
154,nmrsu,pediatricBurns_2020_IVDR04_NMR-PLA-3MM_PLA_PBUp01_080121,pediatricBurns_NMR128-PLA-3MM_IVDR04_PLA_PBU00045_IFO-366_R5C6,401,Plasma,PROF_PLASMA_CPMG128_3mm,"usera2,PBU00045_IFO-366",D:\IVDrData\data
154,nmrsu,pediatricBurns_2020_IVDR04_NMR-PLA-3MM_PLA_PBUp01_080121,pediatricBurns_NMR128-PLA-3MM_IVDR04_PLA_PBU00045_IFO-366_R5C6,402,Plasma,PROF_PLASMA_JRES8_3mm,"usera2,PBU00045_IFO-366",D:\IVDrData\data
154,nmrsu,pediatricBurns_2020_IVDR04_NMR-PLA-3MM_PLA_PBUp01_080121,pediatricBurns_NMR128-PLA-3MM_IVDR04_PLA_PBU00045_IFO-366_R5C6,403,Plasma,PROF_PLASMA_DAS_A,"usera2,PBU00045_IFO-366",D:\IVDrData\data
155,nmrsu,pediatricBurns_2020_IVDR04_NMR-PLA-3MM_PLA_PBUp01_080121,pediatricBurns_NMR128-PLA-3MM_IVDR04_PLA_PBU00053_RP41_R5C7,410,Plasma,PROF_PLASMA_NOESY128_3mm,"usera2,PBU00053_RP41",D:\IVDrData\data
155,nmrsu,pediatricBurns_2020_IVDR04_NMR-PLA-3MM_PLA_PBUp01_080121,pediatricBurns_NMR128-PLA-3MM_IVDR04_PLA_PBU00053_RP41_R5C7,411,Plasma,PROF_PLASMA_CPMG128_3mm,"usera2,PBU00053_RP41",D:\IVDrData\data
155,nmrsu,pediatricBurns_2020_IVDR04_NMR-PLA-3MM_PLA_PBUp01_080121,pediatricBurns_NMR128-PLA-3MM_IVDR04_PLA_PBU00053_RP41_R5C7,412,Plasma,PROF_PLASMA_JRES8_3mm,"usera2,PBU00053_RP41",D:\IVDrData\data
155,nmrsu,pediatricBurns_2020_IVDR04_NMR-PLA-3MM_PLA_PBUp01_080121,pediatricBurns_NMR128-PLA-3MM_IVDR04_PLA_PBU00053_RP41_R5C7,413,Plasma,PROF_PLASMA_DAS_A,"usera2,PBU00053_RP41",D:\IVDrData\data
156,nmrsu,pediatricBurns_2020_IVDR04_NMR-PLA-3MM_PLA_PBUp01_080121,pediatricBurns_NMR128-PLA-3MM_IVDR04_PLA_PBU00061_6_1803_R5C8,420,Plasma,PROF_PLASMA_NOESY128_3mm,"usera2,PBU00061_6_1803",D:\IVDrData\data
156,nmrsu,pediatricBurns_2020_IVDR04_NMR-PLA-3MM_PLA_PBUp01_080121,pediatricBurns_NMR128-PLA-3MM_IVDR04_PLA_PBU00061_6_1803_R5C8,421,Plasma,PROF_PLASMA_CPMG128_3mm,"usera2,PBU00061_6_1803",D:\IVDrData\data
156,nmrsu,pediatricBurns_2020_IVDR04_NMR-PLA-3MM_PLA_PBUp01_080121,pediatricBurns_NMR128-PLA-3MM_IVDR04_PLA_PBU00061_6_1803_R5C8,422,Plasma,PROF_PLASMA_JRES8_3mm,"usera2,PBU00061_6_1803",D:\IVDrData\data
156,nmrsu,pediatricBurns_2020_IVDR04_NMR-PLA-3MM_PLA_PBUp01_080121,pediatricBurns_NMR128-PLA-3MM_IVDR04_PLA_PBU00061_6_1803_R5C8,423,Plasma,PROF_PLASMA_DAS_A,"usera2,PBU00061_6_1803",D:\IVDrData\data
161,nmrsu,pediatricBurns_2020_IVDR04_NMR-PLA-3MM_PLA_PBUp01_080121,pediatricBurns_NMR128-PLA-3MM_IVDR04_PLA_PBU00006_16PAL_R6C1,430,Plasma,PROF_PLASMA_NOESY128_3mm,"usera2,PBU00006_16PAL",D:\IVDrData\data
161,nmrsu,pediatricBurns_2020_IVDR04_NMR-PLA-3MM_PLA_PBUp01_080121,pediatricBurns_NMR128-PLA-3MM_IVDR04_PLA_PBU00006_16PAL_R6C1,431,Plasma,PROF_PLASMA_CPMG128_3mm,"usera2,PBU00006_16PAL",D:\IVDrData\data
161,nmrsu,pediatricBurns_2020_IVDR04_NMR-PLA-3MM_PLA_PBUp01_080121,pediatricBurns_NMR128-PLA-3MM_IVDR04_PLA_PBU00006_16PAL_R6C1,432,Plasma,PROF_PLASMA_JRES8_3mm,"usera2,PBU00006_16PAL",D:\IVDrData\data
161,nmrsu,pediatricBurns_2020_IVDR04_NMR-PLA-3MM_PLA_PBUp01_080121,pediatricBurns_NMR128-PLA-3MM_IVDR04_PLA_PBU00006_16PAL_R6C1,433,Plasma,PROF_PLASMA_DAS_A,"usera2,PBU00006_16PAL",D:\IVDrData\data
162,nmrsu,pediatricBurns_2020_IVDR04_NMR-PLA-3MM_PLA_PBUp01_080121,pediatricBurns_NMR128-PLA-3MM_IVDR04_PLA_PBU00014_9MOM_R6C2,440,Plasma,PROF_PLASMA_NOESY128_3mm,"usera2,PBU00014_9MOM",D:\IVDrData\data
162,nmrsu,pediatricBurns_2020_IVDR04_NMR-PLA-3MM_PLA_PBUp01_080121,pediatricBurns_NMR128-PLA-3MM_IVDR04_PLA_PBU00014_9MOM_R6C2,441,Plasma,PROF_PLASMA_CPMG128_3mm,"usera2,PBU00014_9MOM",D:\IVDrData\data
162,nmrsu,pediatricBurns_2020_IVDR04_NMR-PLA-3MM_PLA_PBUp01_080121,pediatricBurns_NMR128-PLA-3MM_IVDR04_PLA_PBU00014_9MOM_R6C2,442,Plasma,PROF_PLASMA_JRES8_3mm,"usera2,PBU00014_9MOM",D:\IVDrData\data
162,nmrsu,pediatricBurns_2020_IVDR04_NMR-PLA-3MM_PLA_PBUp01_080121,pediatricBurns_NMR128-PLA-3MM_IVDR04_PLA_PBU00014_9MOM_R6C2,443,Plasma,PROF_PLASMA_DAS_A,"usera2,PBU00014_9MOM",D:\IVDrData\data
163,nmrsu,pediatricBurns_2020_IVDR04_NMR-PLA-3MM_PLA_PBUp01_080121,pediatricBurns_NMR128-PLA-3MM_IVDR04_PLA_PBU00022_HK26_R6C3,450,Plasma,PROF_PLASMA_NOESY128_3mm,"usera2,PBU00022_HK26",D:\IVDrData\data
163,nmrsu,pediatricBurns_2020_IVDR04_NMR-PLA-3MM_PLA_PBUp01_080121,pediatricBurns_NMR128-PLA-3MM_IVDR04_PLA_PBU00022_HK26_R6C3,451,Plasma,PROF_PLASMA_CPMG128_3mm,"usera2,PBU00022_HK26",D:\IVDrData\data
163,nmrsu,pediatricBurns_2020_IVDR04_NMR-PLA-3MM_PLA_PBUp01_080121,pediatricBurns_NMR128-PLA-3MM_IVDR04_PLA_PBU00022_HK26_R6C3,452,Plasma,PROF_PLASMA_JRES8_3mm,"usera2,PBU00022_HK26",D:\IVDrData\data
163,nmrsu,pediatricBurns_2020_IVDR04_NMR-PLA-3MM_PLA_PBUp01_080121,pediatricBurns_NMR128-PLA-3MM_IVDR04_PLA_PBU00022_HK26_R6C3,453,Plasma,PROF_PLASMA_DAS_A,"usera2,PBU00022_HK26",D:\IVDrData\data
164,nmrsu,pediatricBurns_2020_IVDR04_NMR-PLA-3MM_PLA_PBUp01_080121,pediatricBurns_NMR128-PLA-3MM_IVDR04_PLA_PBU00030_IFO-060_R6C4,460,Plasma,PROF_PLASMA_NOESY128_3mm,"usera2,PBU00030_IFO-060",D:\IVDrData\data
164,nmrsu,pediatricBurns_2020_IVDR04_NMR-PLA-3MM_PLA_PBUp01_080121,pediatricBurns_NMR128-PLA-3MM_IVDR04_PLA_PBU00030_IFO-060_R6C4,461,Plasma,PROF_PLASMA_CPMG128_3mm,"usera2,PBU00030_IFO-060",D:\IVDrData\data
164,nmrsu,pediatricBurns_2020_IVDR04_NMR-PLA-3MM_PLA_PBUp01_080121,pediatricBurns_NMR128-PLA-3MM_IVDR04_PLA_PBU00030_IFO-060_R6C4,462,Plasma,PROF_PLASMA_JRES8_3mm,"usera2,PBU00030_IFO-060",D:\IVDrData\data
164,nmrsu,pediatricBurns_2020_IVDR04_NMR-PLA-3MM_PLA_PBUp01_080121,pediatricBurns_NMR128-PLA-3MM_IVDR04_PLA_PBU00030_IFO-060_R6C4,463,Plasma,PROF_PLASMA_DAS_A,"usera2,PBU00030_IFO-060",D:\IVDrData\data
165,nmrsu,pediatricBurns_2020_IVDR04_NMR-PLA-3MM_PLA_PBUp01_080121,pediatricBurns_NMR128-PLA-3MM_IVDR04_PLA_PBU00038_IFO-141_R6C5,470,Plasma,PROF_PLASMA_NOESY128_3mm,"usera2,PBU00038_IFO-141",D:\IVDrData\data
165,nmrsu,pediatricBurns_2020_IVDR04_NMR-PLA-3MM_PLA_PBUp01_080121,pediatricBurns_NMR128-PLA-3MM_IVDR04_PLA_PBU00038_IFO-141_R6C5,471,Plasma,PROF_PLASMA_CPMG128_3mm,"usera2,PBU00038_IFO-141",D:\IVDrData\data
165,nmrsu,pediatricBurns_2020_IVDR04_NMR-PLA-3MM_PLA_PBUp01_080121,pediatricBurns_NMR128-PLA-3MM_IVDR04_PLA_PBU00038_IFO-141_R6C5,472,Plasma,PROF_PLASMA_JRES8_3mm,"usera2,PBU00038_IFO-141",D:\IVDrData\data
165,nmrsu,pediatricBurns_2020_IVDR04_NMR-PLA-3MM_PLA_PBUp01_080121,pediatricBurns_NMR128-PLA-3MM_IVDR04_PLA_PBU00038_IFO-141_R6C5,473,Plasma,PROF_PLASMA_DAS_A,"usera2,PBU00038_IFO-141",D:\IVDrData\data
166,nmrsu,pediatricBurns_2020_IVDR04_NMR-PLA-3MM_PLA_PBUp01_080121,pediatricBurns_NMR128-PLA-3MM_IVDR04_PLA_PBU00046_JG24_R6C6,480,Plasma,PROF_PLASMA_NOESY128_3mm,"usera2,PBU00046_JG24",D:\IVDrData\data
166,nmrsu,pediatricBurns_2020_IVDR04_NMR-PLA-3MM_PLA_PBUp01_080121,pediatricBurns_NMR128-PLA-3MM_IVDR04_PLA_PBU00046_JG24_R6C6,481,Plasma,PROF_PLASMA_CPMG128_3mm,"usera2,PBU00046_JG24",D:\IVDrData\data
166,nmrsu,pediatricBurns_2020_IVDR04_NMR-PLA-3MM_PLA_PBUp01_080121,pediatricBurns_NMR128-PLA-3MM_IVDR04_PLA_PBU00046_JG24_R6C6,482,Plasma,PROF_PLASMA_JRES8_3mm,"usera2,PBU00046_JG24",D:\IVDrData\data
166,nmrsu,pediatricBurns_2020_IVDR04_NMR-PLA-3MM_PLA_PBUp01_080121,pediatricBurns_NMR128-PLA-3MM_IVDR04_PLA_PBU00046_JG24_R6C6,483,Plasma,PROF_PLASMA_DAS_A,"usera2,PBU00046_JG24",D:\IVDrData\data
167,nmrsu,pediatricBurns_2020_IVDR04_NMR-PLA-3MM_PLA_PBUp01_080121,pediatricBurns_NMR128-PLA-3MM_IVDR04_PLA_PBU00054_SM23_R6C7,490,Plasma,PROF_PLASMA_NOESY128_3mm,"usera2,PBU00054_SM23",D:\IVDrData\data
167,nmrsu,pediatricBurns_2020_IVDR04_NMR-PLA-3MM_PLA_PBUp01_080121,pediatricBurns_NMR128-PLA-3MM_IVDR04_PLA_PBU00054_SM23_R6C7,491,Plasma,PROF_PLASMA_CPMG128_3mm,"usera2,PBU00054_SM23",D:\IVDrData\data
167,nmrsu,pediatricBurns_2020_IVDR04_NMR-PLA-3MM_PLA_PBUp01_080121,pediatricBurns_NMR128-PLA-3MM_IVDR04_PLA_PBU00054_SM23_R6C7,492,Plasma,PROF_PLASMA_JRES8_3mm,"usera2,PBU00054_SM23",D:\IVDrData\data
167,nmrsu,pediatricBurns_2020_IVDR04_NMR-PLA-3MM_PLA_PBUp01_080121,pediatricBurns_NMR128-PLA-3MM_IVDR04_PLA_PBU00054_SM23_R6C7,493,Plasma,PROF_PLASMA_DAS_A,"usera2,PBU00054_SM23",D:\IVDrData\data
172,nmrsu,pediatricBurns_2020_IVDR04_NMR-PLA-3MM_PLA_PBUp01_080121,pediatricBurns_NMR128-PLA-3MM_IVDR04_PLA_LTR_PLASMA_R6C12,500,Plasma,PROF_PLASMA_NOESY128_3mm,"usera2,LTR_PLASMA",D:\IVDrData\data
172,nmrsu,pediatricBurns_2020_IVDR04_NMR-PLA-3MM_PLA_PBUp01_080121,pediatricBurns_NMR128-PLA-3MM_IVDR04_PLA_LTR_PLASMA_R6C12,501,Plasma,PROF_PLASMA_CPMG128_3mm,"usera2,LTR_PLASMA",D:\IVDrData\data
172,nmrsu,pediatricBurns_2020_IVDR04_NMR-PLA-3MM_PLA_PBUp01_080121,pediatricBurns_NMR128-PLA-3MM_IVDR04_PLA_LTR_PLASMA_R6C12,502,Plasma,PROF_PLASMA_JRES8_3mm,"usera2,LTR_PLASMA",D:\IVDrData\data
172,nmrsu,pediatricBurns_2020_IVDR04_NMR-PLA-3MM_PLA_PBUp01_080121,pediatricBurns_NMR128-PLA-3MM_IVDR04_PLA_LTR_PLASMA_R6C12,503,Plasma,PROF_PLASMA_DAS_A,"usera2,LTR_PLASMA",D:\IVDrData\data
173,nmrsu,pediatricBurns_2020_IVDR04_NMR-PLA-3MM_PLA_PBUp01_080121,pediatricBurns_NMR128-PLA-3MM_IVDR04_PLA_PBU00007_34KA_R7C1,510,Plasma,PROF_PLASMA_NOESY128_3mm,"usera2,PBU00007_34KA",D:\IVDrData\data
173,nmrsu,pediatricBurns_2020_IVDR04_NMR-PLA-3MM_PLA_PBUp01_080121,pediatricBurns_NMR128-PLA-3MM_IVDR04_PLA_PBU00007_34KA_R7C1,511,Plasma,PROF_PLASMA_CPMG128_3mm,"usera2,PBU00007_34KA",D:\IVDrData\data
173,nmrsu,pediatricBurns_2020_IVDR04_NMR-PLA-3MM_PLA_PBUp01_080121,pediatricBurns_NMR128-PLA-3MM_IVDR04_PLA_PBU00007_34KA_R7C1,512,Plasma,PROF_PLASMA_JRES8_3mm,"usera2,PBU00007_34KA",D:\IVDrData\data
173,nmrsu,pediatricBurns_2020_IVDR04_NMR-PLA-3MM_PLA_PBUp01_080121,pediatricBurns_NMR128-PLA-3MM_IVDR04_PLA_PBU00007_34KA_R7C1,513,Plasma,PROF_PLASMA_DAS_A,"usera2,PBU00007_34KA",D:\IVDrData\data
174,nmrsu,pediatricBurns_2020_IVDR04_NMR-PLA-3MM_PLA_PBUp01_080121,pediatricBurns_NMR128-PLA-3MM_IVDR04_PLA_PBU00015_AB29_R7C2,520,Plasma,PROF_PLASMA_NOESY128_3mm,"usera2,PBU00015_AB29",D:\IVDrData\data
174,nmrsu,pediatricBurns_2020_IVDR04_NMR-PLA-3MM_PLA_PBUp01_080121,pediatricBurns_NMR128-PLA-3MM_IVDR04_PLA_PBU00015_AB29_R7C2,521,Plasma,PROF_PLASMA_CPMG128_3mm,"usera2,PBU00015_AB29",D:\IVDrData\data
174,nmrsu,pediatricBurns_2020_IVDR04_NMR-PLA-3MM_PLA_PBUp01_080121,pediatricBurns_NMR128-PLA-3MM_IVDR04_PLA_PBU00015_AB29_R7C2,522,Plasma,PROF_PLASMA_JRES8_3mm,"usera2,PBU00015_AB29",D:\IVDrData\data
174,nmrsu,pediatricBurns_2020_IVDR04_NMR-PLA-3MM_PLA_PBUp01_080121,pediatricBurns_NMR128-PLA-3MM_IVDR04_PLA_PBU00015_AB29_R7C2,523,Plasma,PROF_PLASMA_DAS_A,"usera2,PBU00015_AB29",D:\IVDrData\data
175,nmrsu,pediatricBurns_2020_IVDR04_NMR-PLA-3MM_PLA_PBUp01_080121,pediatricBurns_NMR128-PLA-3MM_IVDR04_PLA_PBU00023_HT40_R7C3,530,Plasma,PROF_PLASMA_NOESY128_3mm,"usera2,PBU00023_HT40",D:\IVDrData\data
175,nmrsu,pediatricBurns_2020_IVDR04_NMR-PLA-3MM_PLA_PBUp01_080121,pediatricBurns_NMR128-PLA-3MM_IVDR04_PLA_PBU00023_HT40_R7C3,531,Plasma,PROF_PLASMA_CPMG128_3mm,"usera2,PBU00023_HT40",D:\IVDrData\data
175,nmrsu,pediatricBurns_2020_IVDR04_NMR-PLA-3MM_PLA_PBUp01_080121,pediatricBurns_NMR128-PLA-3MM_IVDR04_PLA_PBU00023_HT40_R7C3,532,Plasma,PROF_PLASMA_JRES8_3mm,"usera2,PBU00023_HT40",D:\IVDrData\data
175,nmrsu,pediatricBurns_2020_IVDR04_NMR-PLA-3MM_PLA_PBUp01_080121,pediatricBurns_NMR128-PLA-3MM_IVDR04_PLA_PBU00023_HT40_R7C3,533,Plasma,PROF_PLASMA_DAS_A,"usera2,PBU00023_HT40",D:\IVDrData\data
176,nmrsu,pediatricBurns_2020_IVDR04_NMR-PLA-3MM_PLA_PBUp01_080121,pediatricBurns_NMR128-PLA-3MM_IVDR04_PLA_PBU00031_IFO-090_R7C4,540,Plasma,PROF_PLASMA_NOESY128_3mm,"usera2,PBU00031_IFO-090",D:\IVDrData\data
176,nmrsu,pediatricBurns_2020_IVDR04_NMR-PLA-3MM_PLA_PBUp01_080121,pediatricBurns_NMR128-PLA-3MM_IVDR04_PLA_PBU00031_IFO-090_R7C4,541,Plasma,PROF_PLASMA_CPMG128_3mm,"usera2,PBU00031_IFO-090",D:\IVDrData\data
176,nmrsu,pediatricBurns_2020_IVDR04_NMR-PLA-3MM_PLA_PBUp01_080121,pediatricBurns_NMR128-PLA-3MM_IVDR04_PLA_PBU00031_IFO-090_R7C4,542,Plasma,PROF_PLASMA_JRES8_3mm,"usera2,PBU00031_IFO-090",D:\IVDrData\data
176,nmrsu,pediatricBurns_2020_IVDR04_NMR-PLA-3MM_PLA_PBUp01_080121,pediatricBurns_NMR128-PLA-3MM_IVDR04_PLA_PBU00031_IFO-090_R7C4,543,Plasma,PROF_PLASMA_DAS_A,"usera2,PBU00031_IFO-090",D:\IVDrData\data
177,nmrsu,pediatricBurns_2020_IVDR04_NMR-PLA-3MM_PLA_PBUp01_080121,pediatricBurns_NMR128-PLA-3MM_IVDR04_PLA_PBU00039_IFO-159_R7C5,550,Plasma,PROF_PLASMA_NOESY128_3mm,"usera2,PBU00039_IFO-159",D:\IVDrData\data
177,nmrsu,pediatricBurns_2020_IVDR04_NMR-PLA-3MM_PLA_PBUp01_080121,pediatricBurns_NMR128-PLA-3MM_IVDR04_PLA_PBU00039_IFO-159_R7C5,551,Plasma,PROF_PLASMA_CPMG128_3mm,"usera2,PBU00039_IFO-159",D:\IVDrData\data
177,nmrsu,pediatricBurns_2020_IVDR04_NMR-PLA-3MM_PLA_PBUp01_080121,pediatricBurns_NMR128-PLA-3MM_IVDR04_PLA_PBU00039_IFO-159_R7C5,552,Plasma,PROF_PLASMA_JRES8_3mm,"usera2,PBU00039_IFO-159",D:\IVDrData\data
177,nmrsu,pediatricBurns_2020_IVDR04_NMR-PLA-3MM_PLA_PBUp01_080121,pediatricBurns_NMR128-PLA-3MM_IVDR04_PLA_PBU00039_IFO-159_R7C5,553,Plasma,PROF_PLASMA_DAS_A,"usera2,PBU00039_IFO-159",D:\IVDrData\data
178,nmrsu,pediatricBurns_2020_IVDR04_NMR-PLA-3MM_PLA_PBUp01_080121,pediatricBurns_NMR128-PLA-3MM_IVDR04_PLA_PBU00047_JL32_R7C6,560,Plasma,PROF_PLASMA_NOESY128_3mm,"usera2,PBU00047_JL32",D:\IVDrData\data
178,nmrsu,pediatricBurns_2020_IVDR04_NMR-PLA-3MM_PLA_PBUp01_080121,pediatricBurns_NMR128-PLA-3MM_IVDR04_PLA_PBU00047_JL32_R7C6,561,Plasma,PROF_PLASMA_CPMG128_3mm,"usera2,PBU00047_JL32",D:\IVDrData\data
178,nmrsu,pediatricBurns_2020_IVDR04_NMR-PLA-3MM_PLA_PBUp01_080121,pediatricBurns_NMR128-PLA-3MM_IVDR04_PLA_PBU00047_JL32_R7C6,562,Plasma,PROF_PLASMA_JRES8_3mm,"usera2,PBU00047_JL32",D:\IVDrData\data
178,nmrsu,pediatricBurns_2020_IVDR04_NMR-PLA-3MM_PLA_PBUp01_080121,pediatricBurns_NMR128-PLA-3MM_IVDR04_PLA_PBU00047_JL32_R7C6,563,Plasma,PROF_PLASMA_DAS_A,"usera2,PBU00047_JL32",D:\IVDrData\data
179,nmrsu,pediatricBurns_2020_IVDR04_NMR-PLA-3MM_PLA_PBUp01_080121,pediatricBurns_NMR128-PLA-3MM_IVDR04_PLA_PBU00055_VD31_R7C7,570,Plasma,PROF_PLASMA_NOESY128_3mm,"usera2,PBU00055_VD31",D:\IVDrData\data
179,nmrsu,pediatricBurns_2020_IVDR04_NMR-PLA-3MM_PLA_PBUp01_080121,pediatricBurns_NMR128-PLA-3MM_IVDR04_PLA_PBU00055_VD31_R7C7,571,Plasma,PROF_PLASMA_CPMG128_3mm,"usera2,PBU00055_VD31",D:\IVDrData\data
179,nmrsu,pediatricBurns_2020_IVDR04_NMR-PLA-3MM_PLA_PBUp01_080121,pediatricBurns_NMR128-PLA-3MM_IVDR04_PLA_PBU00055_VD31_R7C7,572,Plasma,PROF_PLASMA_JRES8_3mm,"usera2,PBU00055_VD31",D:\IVDrData\data
179,nmrsu,pediatricBurns_2020_IVDR04_NMR-PLA-3MM_PLA_PBUp01_080121,pediatricBurns_NMR128-PLA-3MM_IVDR04_PLA_PBU00055_VD31_R7C7,573,Plasma,PROF_PLASMA_DAS_A,"usera2,PBU00055_VD31",D:\IVDrData\data
185,nmrsu,pediatricBurns_2020_IVDR04_NMR-PLA-3MM_PLA_PBUp01_080121,pediatricBurns_NMR128-PLA-3MM_IVDR04_PLA_PBU00008_35BR_R8C1,580,Plasma,PROF_PLASMA_NOESY128_3mm,"usera2,PBU00008_35BR",D:\IVDrData\data
185,nmrsu,pediatricBurns_2020_IVDR04_NMR-PLA-3MM_PLA_PBUp01_080121,pediatricBurns_NMR128-PLA-3MM_IVDR04_PLA_PBU00008_35BR_R8C1,581,Plasma,PROF_PLASMA_CPMG128_3mm,"usera2,PBU00008_35BR",D:\IVDrData\data
185,nmrsu,pediatricBurns_2020_IVDR04_NMR-PLA-3MM_PLA_PBUp01_080121,pediatricBurns_NMR128-PLA-3MM_IVDR04_PLA_PBU00008_35BR_R8C1,582,Plasma,PROF_PLASMA_JRES8_3mm,"usera2,PBU00008_35BR",D:\IVDrData\data
185,nmrsu,pediatricBurns_2020_IVDR04_NMR-PLA-3MM_PLA_PBUp01_080121,pediatricBurns_NMR128-PLA-3MM_IVDR04_PLA_PBU00008_35BR_R8C1,583,Plasma,PROF_PLASMA_DAS_A,"usera2,PBU00008_35BR",D:\IVDrData\data
186,nmrsu,pediatricBurns_2020_IVDR04_NMR-PLA-3MM_PLA_PBUp01_080121,pediatricBurns_NMR128-PLA-3MM_IVDR04_PLA_PBU00016_AN1_R8C2,590,Plasma,PROF_PLASMA_NOESY128_3mm,"usera2,PBU00016_AN1",D:\IVDrData\data
186,nmrsu,pediatricBurns_2020_IVDR04_NMR-PLA-3MM_PLA_PBUp01_080121,pediatricBurns_NMR128-PLA-3MM_IVDR04_PLA_PBU00016_AN1_R8C2,591,Plasma,PROF_PLASMA_CPMG128_3mm,"usera2,PBU00016_AN1",D:\IVDrData\data
186,nmrsu,pediatricBurns_2020_IVDR04_NMR-PLA-3MM_PLA_PBUp01_080121,pediatricBurns_NMR128-PLA-3MM_IVDR04_PLA_PBU00016_AN1_R8C2,592,Plasma,PROF_PLASMA_JRES8_3mm,"usera2,PBU00016_AN1",D:\IVDrData\data
186,nmrsu,pediatricBurns_2020_IVDR04_NMR-PLA-3MM_PLA_PBUp01_080121,pediatricBurns_NMR128-PLA-3MM_IVDR04_PLA_PBU00016_AN1_R8C2,593,Plasma,PROF_PLASMA_DAS_A,"usera2,PBU00016_AN1",D:\IVDrData\data
187,nmrsu,pediatricBurns_2020_IVDR04_NMR-PLA-3MM_PLA_PBUp01_080121,pediatricBurns_NMR128-PLA-3MM_IVDR04_PLA_PBU00024_IFO-002_R8C3,600,Plasma,PROF_PLASMA_NOESY128_3mm,"usera2,PBU00024_IFO-002",D:\IVDrData\data
187,nmrsu,pediatricBurns_2020_IVDR04_NMR-PLA-3MM_PLA_PBUp01_080121,pediatricBurns_NMR128-PLA-3MM_IVDR04_PLA_PBU00024_IFO-002_R8C3,601,Plasma,PROF_PLASMA_CPMG128_3mm,"usera2,PBU00024_IFO-002",D:\IVDrData\data
187,nmrsu,pediatricBurns_2020_IVDR04_NMR-PLA-3MM_PLA_PBUp01_080121,pediatricBurns_NMR128-PLA-3MM_IVDR04_PLA_PBU00024_IFO-002_R8C3,602,Plasma,PROF_PLASMA_JRES8_3mm,"usera2,PBU00024_IFO-002",D:\IVDrData\data
187,nmrsu,pediatricBurns_2020_IVDR04_NMR-PLA-3MM_PLA_PBUp01_080121,pediatricBurns_NMR128-PLA-3MM_IVDR04_PLA_PBU00024_IFO-002_R8C3,603,Plasma,PROF_PLASMA_DAS_A,"usera2,PBU00024_IFO-002",D:\IVDrData\data
188,nmrsu,pediatricBurns_2020_IVDR04_NMR-PLA-3MM_PLA_PBUp01_080121,pediatricBurns_NMR128-PLA-3MM_IVDR04_PLA_PBU00032_IFO-091_R8C4,610,Plasma,PROF_PLASMA_NOESY128_3mm,"usera2,PBU00032_IFO-091",D:\IVDrData\data
188,nmrsu,pediatricBurns_2020_IVDR04_NMR-PLA-3MM_PLA_PBUp01_080121,pediatricBurns_NMR128-PLA-3MM_IVDR04_PLA_PBU00032_IFO-091_R8C4,611,Plasma,PROF_PLASMA_CPMG128_3mm,"usera2,PBU00032_IFO-091",D:\IVDrData\data
188,nmrsu,pediatricBurns_2020_IVDR04_NMR-PLA-3MM_PLA_PBUp01_080121,pediatricBurns_NMR128-PLA-3MM_IVDR04_PLA_PBU00032_IFO-091_R8C4,612,Plasma,PROF_PLASMA_JRES8_3mm,"usera2,PBU00032_IFO-091",D:\IVDrData\data
188,nmrsu,pediatricBurns_2020_IVDR04_NMR-PLA-3MM_PLA_PBUp01_080121,pediatricBurns_NMR128-PLA-3MM_IVDR04_PLA_PBU00032_IFO-091_R8C4,613,Plasma,PROF_PLASMA_DAS_A,"usera2,PBU00032_IFO-091",D:\IVDrData\data
189,nmrsu,pediatricBurns_2020_IVDR04_NMR-PLA-3MM_PLA_PBUp01_080121,pediatricBurns_NMR128-PLA-3MM_IVDR04_PLA_PBU00040_IFO-202_R8C5,620,Plasma,PROF_PLASMA_NOESY128_3mm,"usera2,PBU00040_IFO-202",D:\IVDrData\data
189,nmrsu,pediatricBurns_2020_IVDR04_NMR-PLA-3MM_PLA_PBUp01_080121,pediatricBurns_NMR128-PLA-3MM_IVDR04_PLA_PBU00040_IFO-202_R8C5,621,Plasma,PROF_PLASMA_CPMG128_3mm,"usera2,PBU00040_IFO-202",D:\IVDrData\data
189,nmrsu,pediatricBurns_2020_IVDR04_NMR-PLA-3MM_PLA_PBUp01_080121,pediatricBurns_NMR128-PLA-3MM_IVDR04_PLA_PBU00040_IFO-202_R8C5,622,Plasma,PROF_PLASMA_JRES8_3mm,"usera2,PBU00040_IFO-202",D:\IVDrData\data
189,nmrsu,pediatricBurns_2020_IVDR04_NMR-PLA-3MM_PLA_PBUp01_080121,pediatricBurns_NMR128-PLA-3MM_IVDR04_PLA_PBU00040_IFO-202_R8C5,623,Plasma,PROF_PLASMA_DAS_A,"usera2,PBU00040_IFO-202",D:\IVDrData\data
190,nmrsu,pediatricBurns_2020_IVDR04_NMR-PLA-3MM_PLA_PBUp01_080121,pediatricBurns_NMR128-PLA-3MM_IVDR04_PLA_PBU00048_JM27_R8C6,630,Plasma,PROF_PLASMA_NOESY128_3mm,"usera2,PBU00048_JM27",D:\IVDrData\data
190,nmrsu,pediatricBurns_2020_IVDR04_NMR-PLA-3MM_PLA_PBUp01_080121,pediatricBurns_NMR128-PLA-3MM_IVDR04_PLA_PBU00048_JM27_R8C6,631,Plasma,PROF_PLASMA_CPMG128_3mm,"usera2,PBU00048_JM27",D:\IVDrData\data
190,nmrsu,pediatricBurns_2020_IVDR04_NMR-PLA-3MM_PLA_PBUp01_080121,pediatricBurns_NMR128-PLA-3MM_IVDR04_PLA_PBU00048_JM27_R8C6,632,Plasma,PROF_PLASMA_JRES8_3mm,"usera2,PBU00048_JM27",D:\IVDrData\data
190,nmrsu,pediatricBurns_2020_IVDR04_NMR-PLA-3MM_PLA_PBUp01_080121,pediatricBurns_NMR128-PLA-3MM_IVDR04_PLA_PBU00048_JM27_R8C6,633,Plasma,PROF_PLASMA_DAS_A,"usera2,PBU00048_JM27",D:\IVDrData\data
191,nmrsu,pediatricBurns_2020_IVDR04_NMR-PLA-3MM_PLA_PBUp01_080121,pediatricBurns_NMR128-PLA-3MM_IVDR04_PLA_PBU00056_IFO-024_R8C7,640,Plasma,PROF_PLASMA_NOESY128_3mm,"usera2,PBU00056_IFO-024",D:\IVDrData\data
191,nmrsu,pediatricBurns_2020_IVDR04_NMR-PLA-3MM_PLA_PBUp01_080121,pediatricBurns_NMR128-PLA-3MM_IVDR04_PLA_PBU00056_IFO-024_R8C7,641,Plasma,PROF_PLASMA_CPMG128_3mm,"usera2,PBU00056_IFO-024",D:\IVDrData\data
191,nmrsu,pediatricBurns_2020_IVDR04_NMR-PLA-3MM_PLA_PBUp01_080121,pediatricBurns_NMR128-PLA-3MM_IVDR04_PLA_PBU00056_IFO-024_R8C7,642,Plasma,PROF_PLASMA_JRES8_3mm,"usera2,PBU00056_IFO-024",D:\IVDrData\data
191,nmrsu,pediatricBurns_2020_IVDR04_NMR-PLA-3MM_PLA_PBUp01_080121,pediatricBurns_NMR128-PLA-3MM_IVDR04_PLA_PBU00056_IFO-024_R8C7,643,Plasma,PROF_PLASMA_DAS_A,"usera2,PBU00056_IFO-024",D:\IVDrData\data
196,nmrsu,pediatricBurns_2020_IVDR04_NMR-PLA-3MM_PLA_PBUp01_080121,pediatricBurns_NMR128-PLA-3MM_IVDR04_PLA_LTR_PLASMA_R8C12,650,Plasma,PROF_PLASMA_NOESY128_3mm,"usera2,LTR_PLASMA",D:\IVDrData\data
196,nmrsu,pediatricBurns_2020_IVDR04_NMR-PLA-3MM_PLA_PBUp01_080121,pediatricBurns_NMR128-PLA-3MM_IVDR04_PLA_LTR_PLASMA_R8C12,651,Plasma,PROF_PLASMA_CPMG128_3mm,"usera2,LTR_PLASMA",D:\IVDrData\data
196,nmrsu,pediatricBurns_2020_IVDR04_NMR-PLA-3MM_PLA_PBUp01_080121,pediatricBurns_NMR128-PLA-3MM_IVDR04_PLA_LTR_PLASMA_R8C12,652,Plasma,PROF_PLASMA_JRES8_3mm,"usera2,LTR_PLASMA",D:\IVDrData\data
196,nmrsu,pediatricBurns_2020_IVDR04_NMR-PLA-3MM_PLA_PBUp01_080121,pediatricBurns_NMR128-PLA-3MM_IVDR04_PLA_LTR_PLASMA_R8C12,653,Plasma,PROF_PLASMA_DAS_A,"usera2,LTR_PLASMA",D:\IVDrData\data